,Unnamed: 0,id,Class_1,Class_2,Class_3,Class_4,Class_5,Class_6,Class_7,Class_8,Class_9
95230,95230,95231,1,0,0,0,0,0,0,0,0
130540,130540,130541,1,0,0,0,0,0,0,0,0
87669,87669,87670,1,0,0,0,0,0,0,0,0
103427,103427,103428,1,0,0,0,0,0,0,0,0
89588,89588,89589,1,0,0,0,0,0,0,0,0
25600,25600,25601,1,0,0,0,0,0,0,0,0
125032,125032,125033,1,0,0,0,0,0,0,0,0
7662,7662,7663,1,0,0,0,0,0,0,0,0
37166,37166,37167,1,0,0,0,0,0,0,0,0
123399,123399,123400,1,0,0,0,0,0,0,0,0
100835,100835,100836,1,0,0,0,0,0,0,0,0
140954,140954,140955,1,0,0,0,0,0,0,0,0
47046,47046,47047,1,0,0,0,0,0,0,0,0
24660,24660,24661,1,0,0,0,0,0,0,0,0
105991,105991,105992,1,0,0,0,0,0,0,0,0
74440,74440,74441,1,0,0,0,0,0,0,0,0
54149,54149,54150,1,0,0,0,0,0,0,0,0
9577,9577,9578,1,0,0,0,0,0,0,0,0
17858,17858,17859,1,0,0,0,0,0,0,0,0
93852,93852,93853,1,0,0,0,0,0,0,0,0
10244,10244,10245,1,0,0,0,0,0,0,0,0
116266,116266,116267,1,0,0,0,0,0,0,0,0
87098,87098,87099,1,0,0,0,0,0,0,0,0
81292,81292,81293,1,0,0,0,0,0,0,0,0
20728,20728,20729,1,0,0,0,0,0,0,0,0
126352,126352,126353,1,0,0,0,0,0,0,0,0
33907,33907,33908,1,0,0,0,0,0,0,0,0
57158,57158,57159,1,0,0,0,0,0,0,0,0
78832,78832,78833,1,0,0,0,0,0,0,0,0
1208,1208,1209,1,0,0,0,0,0,0,0,0
4828,4828,4829,1,0,0,0,0,0,0,0,0
126824,126824,126825,1,0,0,0,0,0,0,0,0
67640,67640,67641,1,0,0,0,0,0,0,0,0
96438,96438,96439,1,0,0,0,0,0,0,0,0
754,754,755,1,0,0,0,0,0,0,0,0
129504,129504,129505,1,0,0,0,0,0,0,0,0
75646,75646,75647,1,0,0,0,0,0,0,0,0
31033,31033,31034,1,0,0,0,0,0,0,0,0
134826,134826,134827,1,0,0,0,0,0,0,0,0
135321,135321,135322,1,0,0,0,0,0,0,0,0
18699,18699,18700,1,0,0,0,0,0,0,0,0
3351,3351,3352,1,0,0,0,0,0,0,0,0
94101,94101,94102,1,0,0,0,0,0,0,0,0
78316,78316,78317,1,0,0,0,0,0,0,0,0
3608,3608,3609,1,0,0,0,0,0,0,0,0
43392,43392,43393,1,0,0,0,0,0,0,0,0
104981,104981,104982,1,0,0,0,0,0,0,0,0
123484,123484,123485,1,0,0,0,0,0,0,0,0
41658,41658,41659,1,0,0,0,0,0,0,0,0
54927,54927,54928,1,0,0,0,0,0,0,0,0
126301,126301,126302,1,0,0,0,0,0,0,0,0
111429,111429,111430,1,0,0,0,0,0,0,0,0
140320,140320,140321,1,0,0,0,0,0,0,0,0
114806,114806,114807,1,0,0,0,0,0,0,0,0
130855,130855,130856,1,0,0,0,0,0,0,0,0
24625,24625,24626,1,0,0,0,0,0,0,0,0
56642,56642,56643,1,0,0,0,0,0,0,0,0
44370,44370,44371,1,0,0,0,0,0,0,0,0
61204,61204,61205,1,0,0,0,0,0,0,0,0
33119,33119,33120,1,0,0,0,0,0,0,0,0
2257,2257,2258,1,0,0,0,0,0,0,0,0
70802,70802,70803,1,0,0,0,0,0,0,0,0
119043,119043,119044,1,0,0,0,0,0,0,0,0
52250,52250,52251,1,0,0,0,0,0,0,0,0
70343,70343,70344,1,0,0,0,0,0,0,0,0
126299,126299,126300,1,0,0,0,0,0,0,0,0
45752,45752,45753,1,0,0,0,0,0,0,0,0
120087,120087,120088,1,0,0,0,0,0,0,0,0
45530,45530,45531,1,0,0,0,0,0,0,0,0
85971,85971,85972,1,0,0,0,0,0,0,0,0
74734,74734,74735,1,0,0,0,0,0,0,0,0
7248,7248,7249,1,0,0,0,0,0,0,0,0
53405,53405,53406,1,0,0,0,0,0,0,0,0
110321,110321,110322,1,0,0,0,0,0,0,0,0
31608,31608,31609,1,0,0,0,0,0,0,0,0
54583,54583,54584,1,0,0,0,0,0,0,0,0
142057,142057,142058,1,0,0,0,0,0,0,0,0
88378,88378,88379,1,0,0,0,0,0,0,0,0
23320,23320,23321,1,0,0,0,0,0,0,0,0
32523,32523,32524,1,0,0,0,0,0,0,0,0
138779,138779,138780,1,0,0,0,0,0,0,0,0
47173,47173,47174,1,0,0,0,0,0,0,0,0
12860,12860,12861,1,0,0,0,0,0,0,0,0
35658,35658,35659,1,0,0,0,0,0,0,0,0
30846,30846,30847,1,0,0,0,0,0,0,0,0
126025,126025,126026,1,0,0,0,0,0,0,0,0
84024,84024,84025,1,0,0,0,0,0,0,0,0
100680,100680,100681,1,0,0,0,0,0,0,0,0
28145,28145,28146,1,0,0,0,0,0,0,0,0
17503,17503,17504,1,0,0,0,0,0,0,0,0
72853,72853,72854,1,0,0,0,0,0,0,0,0
28934,28934,28935,1,0,0,0,0,0,0,0,0
119242,119242,119243,1,0,0,0,0,0,0,0,0
78694,78694,78695,1,0,0,0,0,0,0,0,0
93655,93655,93656,1,0,0,0,0,0,0,0,0
62798,62798,62799,1,0,0,0,0,0,0,0,0
71,71,72,1,0,0,0,0,0,0,0,0
29004,29004,29005,1,0,0,0,0,0,0,0,0
28862,28862,28863,1,0,0,0,0,0,0,0,0
102776,102776,102777,1,0,0,0,0,0,0,0,0
26696,26696,26697,1,0,0,0,0,0,0,0,0
7235,7235,7236,1,0,0,0,0,0,0,0,0
68245,68245,68246,1,0,0,0,0,0,0,0,0
16398,16398,16399,1,0,0,0,0,0,0,0,0
93417,93417,93418,1,0,0,0,0,0,0,0,0
16205,16205,16206,1,0,0,0,0,0,0,0,0
116461,116461,116462,1,0,0,0,0,0,0,0,0
40518,40518,40519,1,0,0,0,0,0,0,0,0
45854,45854,45855,1,0,0,0,0,0,0,0,0
108780,108780,108781,1,0,0,0,0,0,0,0,0
92178,92178,92179,1,0,0,0,0,0,0,0,0
6170,6170,6171,1,0,0,0,0,0,0,0,0
107468,107468,107469,1,0,0,0,0,0,0,0,0
125571,125571,125572,1,0,0,0,0,0,0,0,0
20530,20530,20531,1,0,0,0,0,0,0,0,0
69237,69237,69238,1,0,0,0,0,0,0,0,0
59852,59852,59853,1,0,0,0,0,0,0,0,0
139861,139861,139862,1,0,0,0,0,0,0,0,0
125467,125467,125468,1,0,0,0,0,0,0,0,0
7504,7504,7505,1,0,0,0,0,0,0,0,0
113126,113126,113127,1,0,0,0,0,0,0,0,0
119172,119172,119173,1,0,0,0,0,0,0,0,0
97833,97833,97834,1,0,0,0,0,0,0,0,0
41913,41913,41914,1,0,0,0,0,0,0,0,0
112986,112986,112987,1,0,0,0,0,0,0,0,0
63444,63444,63445,1,0,0,0,0,0,0,0,0
108510,108510,108511,1,0,0,0,0,0,0,0,0
77253,77253,77254,1,0,0,0,0,0,0,0,0
124816,124816,124817,1,0,0,0,0,0,0,0,0
107471,107471,107472,1,0,0,0,0,0,0,0,0
128282,128282,128283,1,0,0,0,0,0,0,0,0
113765,113765,113766,1,0,0,0,0,0,0,0,0
125328,125328,125329,1,0,0,0,0,0,0,0,0
1213,1213,1214,1,0,0,0,0,0,0,0,0
20685,20685,20686,1,0,0,0,0,0,0,0,0
101023,101023,101024,1,0,0,0,0,0,0,0,0
130051,130051,130052,1,0,0,0,0,0,0,0,0
54092,54092,54093,1,0,0,0,0,0,0,0,0
79930,79930,79931,1,0,0,0,0,0,0,0,0
125833,125833,125834,1,0,0,0,0,0,0,0,0
24765,24765,24766,1,0,0,0,0,0,0,0,0
57090,57090,57091,1,0,0,0,0,0,0,0,0
104632,104632,104633,1,0,0,0,0,0,0,0,0
125005,125005,125006,1,0,0,0,0,0,0,0,0
31169,31169,31170,1,0,0,0,0,0,0,0,0
46733,46733,46734,1,0,0,0,0,0,0,0,0
110392,110392,110393,1,0,0,0,0,0,0,0,0
92921,92921,92922,1,0,0,0,0,0,0,0,0
128097,128097,128098,1,0,0,0,0,0,0,0,0
130053,130053,130054,1,0,0,0,0,0,0,0,0
34387,34387,34388,1,0,0,0,0,0,0,0,0
121530,121530,121531,1,0,0,0,0,0,0,0,0
134552,134552,134553,1,0,0,0,0,0,0,0,0
64610,64610,64611,1,0,0,0,0,0,0,0,0
19215,19215,19216,1,0,0,0,0,0,0,0,0
123242,123242,123243,1,0,0,0,0,0,0,0,0
113474,113474,113475,1,0,0,0,0,0,0,0,0
130656,130656,130657,1,0,0,0,0,0,0,0,0
110506,110506,110507,1,0,0,0,0,0,0,0,0
121942,121942,121943,1,0,0,0,0,0,0,0,0
61386,61386,61387,1,0,0,0,0,0,0,0,0
134701,134701,134702,1,0,0,0,0,0,0,0,0
114758,114758,114759,1,0,0,0,0,0,0,0,0
64203,64203,64204,1,0,0,0,0,0,0,0,0
35104,35104,35105,1,0,0,0,0,0,0,0,0
139847,139847,139848,1,0,0,0,0,0,0,0,0
39764,39764,39765,1,0,0,0,0,0,0,0,0
19749,19749,19750,1,0,0,0,0,0,0,0,0
24841,24841,24842,1,0,0,0,0,0,0,0,0
141722,141722,141723,1,0,0,0,0,0,0,0,0
18481,18481,18482,1,0,0,0,0,0,0,0,0
109832,109832,109833,1,0,0,0,0,0,0,0,0
48800,48800,48801,1,0,0,0,0,0,0,0,0
48350,48350,48351,1,0,0,0,0,0,0,0,0
90587,90587,90588,1,0,0,0,0,0,0,0,0
78921,78921,78922,1,0,0,0,0,0,0,0,0
20773,20773,20774,1,0,0,0,0,0,0,0,0
35798,35798,35799,1,0,0,0,0,0,0,0,0
141166,141166,141167,1,0,0,0,0,0,0,0,0
53812,53812,53813,1,0,0,0,0,0,0,0,0
56257,56257,56258,1,0,0,0,0,0,0,0,0
18598,18598,18599,1,0,0,0,0,0,0,0,0
32109,32109,32110,1,0,0,0,0,0,0,0,0
97055,97055,97056,1,0,0,0,0,0,0,0,0
56033,56033,56034,1,0,0,0,0,0,0,0,0
34148,34148,34149,1,0,0,0,0,0,0,0,0
23747,23747,23748,1,0,0,0,0,0,0,0,0
32719,32719,32720,1,0,0,0,0,0,0,0,0
77653,77653,77654,1,0,0,0,0,0,0,0,0
34220,34220,34221,1,0,0,0,0,0,0,0,0
131097,131097,131098,1,0,0,0,0,0,0,0,0
143565,143565,143566,1,0,0,0,0,0,0,0,0
131421,131421,131422,1,0,0,0,0,0,0,0,0
44102,44102,44103,1,0,0,0,0,0,0,0,0
65536,65536,65537,1,0,0,0,0,0,0,0,0
47238,47238,47239,1,0,0,0,0,0,0,0,0
86929,86929,86930,1,0,0,0,0,0,0,0,0
36476,36476,36477,1,0,0,0,0,0,0,0,0
122122,122122,122123,1,0,0,0,0,0,0,0,0
96821,96821,96822,1,0,0,0,0,0,0,0,0
72220,72220,72221,1,0,0,0,0,0,0,0,0
6108,6108,6109,1,0,0,0,0,0,0,0,0
39328,39328,39329,1,0,0,0,0,0,0,0,0
81146,81146,81147,1,0,0,0,0,0,0,0,0
45528,45528,45529,1,0,0,0,0,0,0,0,0
51945,51945,51946,1,0,0,0,0,0,0,0,0
71857,71857,71858,1,0,0,0,0,0,0,0,0
112379,112379,112380,1,0,0,0,0,0,0,0,0
120156,120156,120157,1,0,0,0,0,0,0,0,0
114044,114044,114045,1,0,0,0,0,0,0,0,0
71084,71084,71085,1,0,0,0,0,0,0,0,0
128400,128400,128401,1,0,0,0,0,0,0,0,0
130114,130114,130115,1,0,0,0,0,0,0,0,0
40413,40413,40414,1,0,0,0,0,0,0,0,0
15575,15575,15576,1,0,0,0,0,0,0,0,0
142996,142996,142997,1,0,0,0,0,0,0,0,0
123396,123396,123397,1,0,0,0,0,0,0,0,0
107677,107677,107678,1,0,0,0,0,0,0,0,0
140008,140008,140009,1,0,0,0,0,0,0,0,0
94138,94138,94139,1,0,0,0,0,0,0,0,0
19312,19312,19313,1,0,0,0,0,0,0,0,0
49090,49090,49091,1,0,0,0,0,0,0,0,0
48545,48545,48546,1,0,0,0,0,0,0,0,0
87421,87421,87422,1,0,0,0,0,0,0,0,0
143471,143471,143472,1,0,0,0,0,0,0,0,0
68294,68294,68295,1,0,0,0,0,0,0,0,0
20120,20120,20121,1,0,0,0,0,0,0,0,0
131424,131424,131425,1,0,0,0,0,0,0,0,0
26491,26491,26492,1,0,0,0,0,0,0,0,0
18418,18418,18419,1,0,0,0,0,0,0,0,0
41087,41087,41088,1,0,0,0,0,0,0,0,0
79461,79461,79462,1,0,0,0,0,0,0,0,0
10247,10247,10248,1,0,0,0,0,0,0,0,0
48118,48118,48119,1,0,0,0,0,0,0,0,0
11368,11368,11369,1,0,0,0,0,0,0,0,0
38452,38452,38453,1,0,0,0,0,0,0,0,0
3595,3595,3596,1,0,0,0,0,0,0,0,0
114321,114321,114322,1,0,0,0,0,0,0,0,0
120876,120876,120877,1,0,0,0,0,0,0,0,0
7099,7099,7100,1,0,0,0,0,0,0,0,0
114723,114723,114724,1,0,0,0,0,0,0,0,0
104582,104582,104583,1,0,0,0,0,0,0,0,0
28098,28098,28099,1,0,0,0,0,0,0,0,0
20536,20536,20537,1,0,0,0,0,0,0,0,0
108856,108856,108857,1,0,0,0,0,0,0,0,0
102208,102208,102209,1,0,0,0,0,0,0,0,0
44400,44400,44401,1,0,0,0,0,0,0,0,0
33793,33793,33794,1,0,0,0,0,0,0,0,0
18038,18038,18039,1,0,0,0,0,0,0,0,0
128150,128150,128151,1,0,0,0,0,0,0,0,0
68366,68366,68367,1,0,0,0,0,0,0,0,0
118958,118958,118959,1,0,0,0,0,0,0,0,0
82581,82581,82582,1,0,0,0,0,0,0,0,0
92231,92231,92232,1,0,0,0,0,0,0,0,0
3527,3527,3528,1,0,0,0,0,0,0,0,0
62304,62304,62305,1,0,0,0,0,0,0,0,0
133152,133152,133153,1,0,0,0,0,0,0,0,0
53450,53450,53451,1,0,0,0,0,0,0,0,0
1270,1270,1271,1,0,0,0,0,0,0,0,0
141032,141032,141033,1,0,0,0,0,0,0,0,0
17731,17731,17732,1,0,0,0,0,0,0,0,0
69939,69939,69940,1,0,0,0,0,0,0,0,0
82958,82958,82959,1,0,0,0,0,0,0,0,0
35937,35937,35938,1,0,0,0,0,0,0,0,0
44686,44686,44687,1,0,0,0,0,0,0,0,0
26355,26355,26356,1,0,0,0,0,0,0,0,0
50697,50697,50698,1,0,0,0,0,0,0,0,0
52248,52248,52249,1,0,0,0,0,0,0,0,0
78317,78317,78318,1,0,0,0,0,0,0,0,0
31442,31442,31443,1,0,0,0,0,0,0,0,0
94232,94232,94233,1,0,0,0,0,0,0,0,0
59391,59391,59392,1,0,0,0,0,0,0,0,0
6637,6637,6638,1,0,0,0,0,0,0,0,0
122756,122756,122757,1,0,0,0,0,0,0,0,0
1478,1478,1479,1,0,0,0,0,0,0,0,0
23486,23486,23487,1,0,0,0,0,0,0,0,0
102412,102412,102413,1,0,0,0,0,0,0,0,0
78412,78412,78413,1,0,0,0,0,0,0,0,0
23525,23525,23526,1,0,0,0,0,0,0,0,0
1064,1064,1065,1,0,0,0,0,0,0,0,0
2826,2826,2827,1,0,0,0,0,0,0,0,0
81668,81668,81669,1,0,0,0,0,0,0,0,0
111678,111678,111679,1,0,0,0,0,0,0,0,0
69423,69423,69424,1,0,0,0,0,0,0,0,0
33004,33004,33005,1,0,0,0,0,0,0,0,0
106959,106959,106960,1,0,0,0,0,0,0,0,0
142209,142209,142210,1,0,0,0,0,0,0,0,0
14925,14925,14926,1,0,0,0,0,0,0,0,0
68330,68330,68331,1,0,0,0,0,0,0,0,0
108649,108649,108650,1,0,0,0,0,0,0,0,0
105566,105566,105567,1,0,0,0,0,0,0,0,0
78827,78827,78828,1,0,0,0,0,0,0,0,0
48226,48226,48227,1,0,0,0,0,0,0,0,0
32081,32081,32082,1,0,0,0,0,0,0,0,0
130746,130746,130747,1,0,0,0,0,0,0,0,0
91101,91101,91102,1,0,0,0,0,0,0,0,0
130235,130235,130236,1,0,0,0,0,0,0,0,0
27059,27059,27060,1,0,0,0,0,0,0,0,0
98374,98374,98375,1,0,0,0,0,0,0,0,0
64858,64858,64859,1,0,0,0,0,0,0,0,0
14228,14228,14229,1,0,0,0,0,0,0,0,0
10478,10478,10479,1,0,0,0,0,0,0,0,0
80734,80734,80735,1,0,0,0,0,0,0,0,0
50578,50578,50579,1,0,0,0,0,0,0,0,0
130513,130513,130514,1,0,0,0,0,0,0,0,0
7227,7227,7228,1,0,0,0,0,0,0,0,0
118738,118738,118739,1,0,0,0,0,0,0,0,0
30958,30958,30959,1,0,0,0,0,0,0,0,0
115204,115204,115205,1,0,0,0,0,0,0,0,0
131023,131023,131024,1,0,0,0,0,0,0,0,0
83842,83842,83843,1,0,0,0,0,0,0,0,0
125398,125398,125399,1,0,0,0,0,0,0,0,0
30041,30041,30042,1,0,0,0,0,0,0,0,0
2314,2314,2315,1,0,0,0,0,0,0,0,0
113754,113754,113755,1,0,0,0,0,0,0,0,0
11177,11177,11178,1,0,0,0,0,0,0,0,0
46891,46891,46892,1,0,0,0,0,0,0,0,0
127781,127781,127782,1,0,0,0,0,0,0,0,0
120897,120897,120898,1,0,0,0,0,0,0,0,0
108360,108360,108361,1,0,0,0,0,0,0,0,0
130493,130493,130494,1,0,0,0,0,0,0,0,0
97035,97035,97036,1,0,0,0,0,0,0,0,0
131465,131465,131466,1,0,0,0,0,0,0,0,0
113900,113900,113901,1,0,0,0,0,0,0,0,0
126340,126340,126341,1,0,0,0,0,0,0,0,0
50189,50189,50190,1,0,0,0,0,0,0,0,0
115385,115385,115386,1,0,0,0,0,0,0,0,0
28656,28656,28657,1,0,0,0,0,0,0,0,0
77321,77321,77322,1,0,0,0,0,0,0,0,0
17156,17156,17157,1,0,0,0,0,0,0,0,0
123742,123742,123743,1,0,0,0,0,0,0,0,0
131400,131400,131401,1,0,0,0,0,0,0,0,0
143273,143273,143274,1,0,0,0,0,0,0,0,0
15627,15627,15628,1,0,0,0,0,0,0,0,0
97843,97843,97844,1,0,0,0,0,0,0,0,0
114447,114447,114448,1,0,0,0,0,0,0,0,0
96560,96560,96561,1,0,0,0,0,0,0,0,0
137454,137454,137455,1,0,0,0,0,0,0,0,0
9522,9522,9523,1,0,0,0,0,0,0,0,0
96804,96804,96805,1,0,0,0,0,0,0,0,0
108173,108173,108174,1,0,0,0,0,0,0,0,0
68435,68435,68436,1,0,0,0,0,0,0,0,0
101335,101335,101336,1,0,0,0,0,0,0,0,0
2542,2542,2543,1,0,0,0,0,0,0,0,0
7149,7149,7150,1,0,0,0,0,0,0,0,0
11759,11759,11760,1,0,0,0,0,0,0,0,0
77137,77137,77138,1,0,0,0,0,0,0,0,0
24417,24417,24418,1,0,0,0,0,0,0,0,0
27028,27028,27029,1,0,0,0,0,0,0,0,0
48028,48028,48029,1,0,0,0,0,0,0,0,0
57970,57970,57971,1,0,0,0,0,0,0,0,0
61913,61913,61914,1,0,0,0,0,0,0,0,0
33795,33795,33796,1,0,0,0,0,0,0,0,0
111565,111565,111566,1,0,0,0,0,0,0,0,0
32080,32080,32081,1,0,0,0,0,0,0,0,0
27559,27559,27560,1,0,0,0,0,0,0,0,0
139320,139320,139321,1,0,0,0,0,0,0,0,0
4221,4221,4222,1,0,0,0,0,0,0,0,0
77513,77513,77514,1,0,0,0,0,0,0,0,0
138155,138155,138156,1,0,0,0,0,0,0,0,0
4289,4289,4290,1,0,0,0,0,0,0,0,0
90751,90751,90752,1,0,0,0,0,0,0,0,0
118155,118155,118156,1,0,0,0,0,0,0,0,0
71302,71302,71303,1,0,0,0,0,0,0,0,0
80692,80692,80693,1,0,0,0,0,0,0,0,0
59221,59221,59222,1,0,0,0,0,0,0,0,0
62928,62928,62929,1,0,0,0,0,0,0,0,0
135432,135432,135433,1,0,0,0,0,0,0,0,0
28256,28256,28257,1,0,0,0,0,0,0,0,0
19451,19451,19452,1,0,0,0,0,0,0,0,0
112352,112352,112353,1,0,0,0,0,0,0,0,0
118598,118598,118599,1,0,0,0,0,0,0,0,0
98726,98726,98727,1,0,0,0,0,0,0,0,0
18156,18156,18157,1,0,0,0,0,0,0,0,0
127379,127379,127380,1,0,0,0,0,0,0,0,0
63863,63863,63864,1,0,0,0,0,0,0,0,0
131165,131165,131166,1,0,0,0,0,0,0,0,0
97404,97404,97405,1,0,0,0,0,0,0,0,0
60927,60927,60928,1,0,0,0,0,0,0,0,0
1441,1441,1442,1,0,0,0,0,0,0,0,0
52140,52140,52141,1,0,0,0,0,0,0,0,0
85554,85554,85555,1,0,0,0,0,0,0,0,0
69307,69307,69308,1,0,0,0,0,0,0,0,0
4297,4297,4298,1,0,0,0,0,0,0,0,0
48040,48040,48041,1,0,0,0,0,0,0,0,0
108909,108909,108910,1,0,0,0,0,0,0,0,0
115292,115292,115293,1,0,0,0,0,0,0,0,0
112876,112876,112877,1,0,0,0,0,0,0,0,0
9670,9670,9671,1,0,0,0,0,0,0,0,0
53045,53045,53046,1,0,0,0,0,0,0,0,0
20484,20484,20485,1,0,0,0,0,0,0,0,0
120434,120434,120435,1,0,0,0,0,0,0,0,0
121633,121633,121634,1,0,0,0,0,0,0,0,0
87343,87343,87344,1,0,0,0,0,0,0,0,0
94831,94831,94832,1,0,0,0,0,0,0,0,0
76849,76849,76850,1,0,0,0,0,0,0,0,0
28057,28057,28058,1,0,0,0,0,0,0,0,0
137397,137397,137398,1,0,0,0,0,0,0,0,0
94546,94546,94547,1,0,0,0,0,0,0,0,0
113957,113957,113958,1,0,0,0,0,0,0,0,0
15710,15710,15711,1,0,0,0,0,0,0,0,0
122781,122781,122782,1,0,0,0,0,0,0,0,0
5397,5397,5398,1,0,0,0,0,0,0,0,0
18338,18338,18339,1,0,0,0,0,0,0,0,0
39179,39179,39180,1,0,0,0,0,0,0,0,0
137365,137365,137366,1,0,0,0,0,0,0,0,0
42118,42118,42119,1,0,0,0,0,0,0,0,0
6384,6384,6385,1,0,0,0,0,0,0,0,0
110453,110453,110454,1,0,0,0,0,0,0,0,0
83930,83930,83931,1,0,0,0,0,0,0,0,0
129913,129913,129914,1,0,0,0,0,0,0,0,0
134041,134041,134042,1,0,0,0,0,0,0,0,0
36913,36913,36914,1,0,0,0,0,0,0,0,0
50123,50123,50124,1,0,0,0,0,0,0,0,0
72863,72863,72864,1,0,0,0,0,0,0,0,0
108328,108328,108329,1,0,0,0,0,0,0,0,0
27140,27140,27141,1,0,0,0,0,0,0,0,0
41844,41844,41845,1,0,0,0,0,0,0,0,0
11452,11452,11453,1,0,0,0,0,0,0,0,0
108119,108119,108120,1,0,0,0,0,0,0,0,0
101517,101517,101518,1,0,0,0,0,0,0,0,0
31947,31947,31948,1,0,0,0,0,0,0,0,0
31657,31657,31658,1,0,0,0,0,0,0,0,0
105142,105142,105143,1,0,0,0,0,0,0,0,0
109519,109519,109520,1,0,0,0,0,0,0,0,0
39511,39511,39512,1,0,0,0,0,0,0,0,0
61343,61343,61344,1,0,0,0,0,0,0,0,0
56995,56995,56996,1,0,0,0,0,0,0,0,0
12969,12969,12970,1,0,0,0,0,0,0,0,0
92503,92503,92504,1,0,0,0,0,0,0,0,0
90577,90577,90578,1,0,0,0,0,0,0,0,0
12947,12947,12948,1,0,0,0,0,0,0,0,0
57269,57269,57270,1,0,0,0,0,0,0,0,0
38166,38166,38167,1,0,0,0,0,0,0,0,0
102383,102383,102384,1,0,0,0,0,0,0,0,0
1583,1583,1584,1,0,0,0,0,0,0,0,0
33276,33276,33277,1,0,0,0,0,0,0,0,0
101592,101592,101593,1,0,0,0,0,0,0,0,0
128657,128657,128658,1,0,0,0,0,0,0,0,0
5999,5999,6000,1,0,0,0,0,0,0,0,0
17219,17219,17220,1,0,0,0,0,0,0,0,0
62280,62280,62281,1,0,0,0,0,0,0,0,0
48813,48813,48814,1,0,0,0,0,0,0,0,0
104419,104419,104420,1,0,0,0,0,0,0,0,0
136866,136866,136867,1,0,0,0,0,0,0,0,0
34840,34840,34841,1,0,0,0,0,0,0,0,0
34557,34557,34558,1,0,0,0,0,0,0,0,0
45726,45726,45727,1,0,0,0,0,0,0,0,0
8116,8116,8117,1,0,0,0,0,0,0,0,0
135822,135822,135823,1,0,0,0,0,0,0,0,0
125668,125668,125669,1,0,0,0,0,0,0,0,0
59505,59505,59506,1,0,0,0,0,0,0,0,0
42370,42370,42371,1,0,0,0,0,0,0,0,0
46245,46245,46246,1,0,0,0,0,0,0,0,0
31618,31618,31619,1,0,0,0,0,0,0,0,0
55302,55302,55303,1,0,0,0,0,0,0,0,0
89378,89378,89379,1,0,0,0,0,0,0,0,0
96901,96901,96902,1,0,0,0,0,0,0,0,0
54286,54286,54287,1,0,0,0,0,0,0,0,0
84477,84477,84478,1,0,0,0,0,0,0,0,0
26440,26440,26441,1,0,0,0,0,0,0,0,0
129677,129677,129678,1,0,0,0,0,0,0,0,0
35535,35535,35536,1,0,0,0,0,0,0,0,0
67228,67228,67229,1,0,0,0,0,0,0,0,0
53195,53195,53196,1,0,0,0,0,0,0,0,0
91582,91582,91583,1,0,0,0,0,0,0,0,0
142627,142627,142628,1,0,0,0,0,0,0,0,0
110290,110290,110291,1,0,0,0,0,0,0,0,0
5152,5152,5153,1,0,0,0,0,0,0,0,0
28831,28831,28832,1,0,0,0,0,0,0,0,0
22519,22519,22520,1,0,0,0,0,0,0,0,0
116831,116831,116832,1,0,0,0,0,0,0,0,0
112567,112567,112568,1,0,0,0,0,0,0,0,0
53500,53500,53501,1,0,0,0,0,0,0,0,0
23700,23700,23701,1,0,0,0,0,0,0,0,0
67862,67862,67863,1,0,0,0,0,0,0,0,0
33902,33902,33903,1,0,0,0,0,0,0,0,0
121891,121891,121892,1,0,0,0,0,0,0,0,0
126992,126992,126993,1,0,0,0,0,0,0,0,0
41352,41352,41353,1,0,0,0,0,0,0,0,0
1094,1094,1095,1,0,0,0,0,0,0,0,0
87116,87116,87117,1,0,0,0,0,0,0,0,0
69046,69046,69047,1,0,0,0,0,0,0,0,0
131948,131948,131949,1,0,0,0,0,0,0,0,0
108641,108641,108642,1,0,0,0,0,0,0,0,0
127509,127509,127510,1,0,0,0,0,0,0,0,0
133504,133504,133505,1,0,0,0,0,0,0,0,0
26678,26678,26679,1,0,0,0,0,0,0,0,0
67973,67973,67974,1,0,0,0,0,0,0,0,0
81190,81190,81191,1,0,0,0,0,0,0,0,0
66627,66627,66628,1,0,0,0,0,0,0,0,0
47306,47306,47307,1,0,0,0,0,0,0,0,0
120775,120775,120776,1,0,0,0,0,0,0,0,0
141644,141644,141645,1,0,0,0,0,0,0,0,0
74051,74051,74052,1,0,0,0,0,0,0,0,0
20017,20017,20018,1,0,0,0,0,0,0,0,0
80187,80187,80188,1,0,0,0,0,0,0,0,0
83846,83846,83847,1,0,0,0,0,0,0,0,0
52524,52524,52525,1,0,0,0,0,0,0,0,0
76330,76330,76331,1,0,0,0,0,0,0,0,0
138610,138610,138611,1,0,0,0,0,0,0,0,0
22172,22172,22173,1,0,0,0,0,0,0,0,0
99731,99731,99732,1,0,0,0,0,0,0,0,0
58859,58859,58860,1,0,0,0,0,0,0,0,0
56002,56002,56003,1,0,0,0,0,0,0,0,0
81215,81215,81216,1,0,0,0,0,0,0,0,0
94210,94210,94211,1,0,0,0,0,0,0,0,0
79195,79195,79196,1,0,0,0,0,0,0,0,0
12111,12111,12112,1,0,0,0,0,0,0,0,0
128667,128667,128668,1,0,0,0,0,0,0,0,0
132621,132621,132622,1,0,0,0,0,0,0,0,0
114924,114924,114925,1,0,0,0,0,0,0,0,0
38941,38941,38942,1,0,0,0,0,0,0,0,0
123854,123854,123855,1,0,0,0,0,0,0,0,0
386,386,387,1,0,0,0,0,0,0,0,0
138085,138085,138086,1,0,0,0,0,0,0,0,0
22665,22665,22666,1,0,0,0,0,0,0,0,0
15169,15169,15170,1,0,0,0,0,0,0,0,0
17578,17578,17579,1,0,0,0,0,0,0,0,0
76279,76279,76280,1,0,0,0,0,0,0,0,0
85387,85387,85388,1,0,0,0,0,0,0,0,0
106077,106077,106078,1,0,0,0,0,0,0,0,0
121603,121603,121604,1,0,0,0,0,0,0,0,0
64889,64889,64890,1,0,0,0,0,0,0,0,0
25277,25277,25278,1,0,0,0,0,0,0,0,0
25714,25714,25715,1,0,0,0,0,0,0,0,0
49052,49052,49053,1,0,0,0,0,0,0,0,0
42060,42060,42061,1,0,0,0,0,0,0,0,0
119920,119920,119921,1,0,0,0,0,0,0,0,0
54667,54667,54668,1,0,0,0,0,0,0,0,0
1277,1277,1278,1,0,0,0,0,0,0,0,0
113542,113542,113543,1,0,0,0,0,0,0,0,0
66604,66604,66605,1,0,0,0,0,0,0,0,0
138843,138843,138844,1,0,0,0,0,0,0,0,0
84567,84567,84568,1,0,0,0,0,0,0,0,0
22634,22634,22635,1,0,0,0,0,0,0,0,0
131392,131392,131393,1,0,0,0,0,0,0,0,0
116338,116338,116339,1,0,0,0,0,0,0,0,0
49482,49482,49483,1,0,0,0,0,0,0,0,0
131504,131504,131505,1,0,0,0,0,0,0,0,0
22535,22535,22536,1,0,0,0,0,0,0,0,0
132586,132586,132587,1,0,0,0,0,0,0,0,0
123273,123273,123274,1,0,0,0,0,0,0,0,0
128386,128386,128387,1,0,0,0,0,0,0,0,0
141954,141954,141955,1,0,0,0,0,0,0,0,0
103501,103501,103502,1,0,0,0,0,0,0,0,0
78619,78619,78620,1,0,0,0,0,0,0,0,0
6162,6162,6163,1,0,0,0,0,0,0,0,0
130428,130428,130429,1,0,0,0,0,0,0,0,0
50854,50854,50855,1,0,0,0,0,0,0,0,0
77632,77632,77633,1,0,0,0,0,0,0,0,0
90137,90137,90138,1,0,0,0,0,0,0,0,0
47342,47342,47343,1,0,0,0,0,0,0,0,0
4622,4622,4623,1,0,0,0,0,0,0,0,0
43379,43379,43380,1,0,0,0,0,0,0,0,0
17745,17745,17746,1,0,0,0,0,0,0,0,0
66143,66143,66144,1,0,0,0,0,0,0,0,0
18603,18603,18604,1,0,0,0,0,0,0,0,0
99362,99362,99363,1,0,0,0,0,0,0,0,0
97677,97677,97678,1,0,0,0,0,0,0,0,0
75550,75550,75551,1,0,0,0,0,0,0,0,0
30805,30805,30806,1,0,0,0,0,0,0,0,0
32225,32225,32226,1,0,0,0,0,0,0,0,0
91866,91866,91867,1,0,0,0,0,0,0,0,0
8790,8790,8791,1,0,0,0,0,0,0,0,0
62826,62826,62827,1,0,0,0,0,0,0,0,0
25826,25826,25827,1,0,0,0,0,0,0,0,0
140048,140048,140049,1,0,0,0,0,0,0,0,0
130032,130032,130033,1,0,0,0,0,0,0,0,0
52438,52438,52439,1,0,0,0,0,0,0,0,0
68261,68261,68262,1,0,0,0,0,0,0,0,0
61867,61867,61868,1,0,0,0,0,0,0,0,0
6522,6522,6523,1,0,0,0,0,0,0,0,0
5938,5938,5939,1,0,0,0,0,0,0,0,0
41238,41238,41239,1,0,0,0,0,0,0,0,0
130107,130107,130108,1,0,0,0,0,0,0,0,0
8064,8064,8065,1,0,0,0,0,0,0,0,0
59466,59466,59467,1,0,0,0,0,0,0,0,0
64925,64925,64926,1,0,0,0,0,0,0,0,0
56168,56168,56169,1,0,0,0,0,0,0,0,0
45364,45364,45365,1,0,0,0,0,0,0,0,0
6707,6707,6708,1,0,0,0,0,0,0,0,0
33210,33210,33211,1,0,0,0,0,0,0,0,0
136141,136141,136142,1,0,0,0,0,0,0,0,0
65309,65309,65310,1,0,0,0,0,0,0,0,0
40142,40142,40143,1,0,0,0,0,0,0,0,0
108686,108686,108687,1,0,0,0,0,0,0,0,0
87073,87073,87074,1,0,0,0,0,0,0,0,0
17319,17319,17320,1,0,0,0,0,0,0,0,0
135150,135150,135151,1,0,0,0,0,0,0,0,0
32564,32564,32565,1,0,0,0,0,0,0,0,0
66425,66425,66426,1,0,0,0,0,0,0,0,0
115237,115237,115238,1,0,0,0,0,0,0,0,0
98077,98077,98078,1,0,0,0,0,0,0,0,0
119253,119253,119254,1,0,0,0,0,0,0,0,0
3247,3247,3248,1,0,0,0,0,0,0,0,0
47565,47565,47566,1,0,0,0,0,0,0,0,0
64449,64449,64450,1,0,0,0,0,0,0,0,0
68943,68943,68944,1,0,0,0,0,0,0,0,0
132966,132966,132967,1,0,0,0,0,0,0,0,0
144224,144224,144225,1,0,0,0,0,0,0,0,0
69845,69845,69846,1,0,0,0,0,0,0,0,0
89494,89494,89495,1,0,0,0,0,0,0,0,0
63824,63824,63825,1,0,0,0,0,0,0,0,0
139546,139546,139547,1,0,0,0,0,0,0,0,0
62797,62797,62798,1,0,0,0,0,0,0,0,0
5144,5144,5145,1,0,0,0,0,0,0,0,0
15565,15565,15566,1,0,0,0,0,0,0,0,0
8431,8431,8432,1,0,0,0,0,0,0,0,0
68205,68205,68206,1,0,0,0,0,0,0,0,0
10470,10470,10471,1,0,0,0,0,0,0,0,0
8045,8045,8046,1,0,0,0,0,0,0,0,0
78235,78235,78236,1,0,0,0,0,0,0,0,0
82716,82716,82717,1,0,0,0,0,0,0,0,0
95494,95494,95495,1,0,0,0,0,0,0,0,0
68842,68842,68843,1,0,0,0,0,0,0,0,0
102120,102120,102121,1,0,0,0,0,0,0,0,0
74258,74258,74259,1,0,0,0,0,0,0,0,0
85125,85125,85126,1,0,0,0,0,0,0,0,0
26132,26132,26133,1,0,0,0,0,0,0,0,0
10890,10890,10891,1,0,0,0,0,0,0,0,0
13269,13269,13270,1,0,0,0,0,0,0,0,0
32779,32779,32780,1,0,0,0,0,0,0,0,0
55279,55279,55280,1,0,0,0,0,0,0,0,0
4597,4597,4598,1,0,0,0,0,0,0,0,0
108829,108829,108830,1,0,0,0,0,0,0,0,0
31750,31750,31751,1,0,0,0,0,0,0,0,0
34917,34917,34918,1,0,0,0,0,0,0,0,0
15381,15381,15382,1,0,0,0,0,0,0,0,0
31941,31941,31942,1,0,0,0,0,0,0,0,0
60743,60743,60744,1,0,0,0,0,0,0,0,0
94351,94351,94352,1,0,0,0,0,0,0,0,0
38426,38426,38427,1,0,0,0,0,0,0,0,0
131479,131479,131480,1,0,0,0,0,0,0,0,0
136072,136072,136073,1,0,0,0,0,0,0,0,0
42706,42706,42707,1,0,0,0,0,0,0,0,0
91454,91454,91455,1,0,0,0,0,0,0,0,0
86554,86554,86555,1,0,0,0,0,0,0,0,0
71439,71439,71440,1,0,0,0,0,0,0,0,0
112580,112580,112581,1,0,0,0,0,0,0,0,0
139222,139222,139223,1,0,0,0,0,0,0,0,0
13031,13031,13032,1,0,0,0,0,0,0,0,0
93182,93182,93183,1,0,0,0,0,0,0,0,0
79938,79938,79939,1,0,0,0,0,0,0,0,0
65032,65032,65033,1,0,0,0,0,0,0,0,0
11361,11361,11362,1,0,0,0,0,0,0,0,0
81373,81373,81374,1,0,0,0,0,0,0,0,0
85945,85945,85946,1,0,0,0,0,0,0,0,0
19265,19265,19266,1,0,0,0,0,0,0,0,0
25461,25461,25462,1,0,0,0,0,0,0,0,0
77601,77601,77602,1,0,0,0,0,0,0,0,0
123700,123700,123701,1,0,0,0,0,0,0,0,0
29750,29750,29751,1,0,0,0,0,0,0,0,0
126748,126748,126749,1,0,0,0,0,0,0,0,0
1248,1248,1249,1,0,0,0,0,0,0,0,0
58948,58948,58949,1,0,0,0,0,0,0,0,0
90899,90899,90900,1,0,0,0,0,0,0,0,0
67020,67020,67021,1,0,0,0,0,0,0,0,0
67090,67090,67091,1,0,0,0,0,0,0,0,0
63790,63790,63791,1,0,0,0,0,0,0,0,0
97474,97474,97475,1,0,0,0,0,0,0,0,0
77143,77143,77144,1,0,0,0,0,0,0,0,0
118565,118565,118566,1,0,0,0,0,0,0,0,0
75322,75322,75323,1,0,0,0,0,0,0,0,0
78284,78284,78285,1,0,0,0,0,0,0,0,0
14070,14070,14071,1,0,0,0,0,0,0,0,0
51762,51762,51763,1,0,0,0,0,0,0,0,0
109188,109188,109189,1,0,0,0,0,0,0,0,0
18044,18044,18045,1,0,0,0,0,0,0,0,0
90772,90772,90773,1,0,0,0,0,0,0,0,0
87169,87169,87170,1,0,0,0,0,0,0,0,0
28025,28025,28026,1,0,0,0,0,0,0,0,0
123667,123667,123668,1,0,0,0,0,0,0,0,0
18935,18935,18936,1,0,0,0,0,0,0,0,0
139987,139987,139988,1,0,0,0,0,0,0,0,0
71816,71816,71817,1,0,0,0,0,0,0,0,0
20767,20767,20768,1,0,0,0,0,0,0,0,0
107413,107413,107414,1,0,0,0,0,0,0,0,0
50180,50180,50181,1,0,0,0,0,0,0,0,0
67531,67531,67532,1,0,0,0,0,0,0,0,0
18969,18969,18970,1,0,0,0,0,0,0,0,0
73708,73708,73709,1,0,0,0,0,0,0,0,0
72746,72746,72747,1,0,0,0,0,0,0,0,0
51119,51119,51120,1,0,0,0,0,0,0,0,0
43809,43809,43810,1,0,0,0,0,0,0,0,0
48149,48149,48150,1,0,0,0,0,0,0,0,0
27085,27085,27086,1,0,0,0,0,0,0,0,0
16246,16246,16247,1,0,0,0,0,0,0,0,0
52975,52975,52976,1,0,0,0,0,0,0,0,0
48342,48342,48343,1,0,0,0,0,0,0,0,0
128434,128434,128435,1,0,0,0,0,0,0,0,0
6424,6424,6425,1,0,0,0,0,0,0,0,0
111495,111495,111496,1,0,0,0,0,0,0,0,0
118045,118045,118046,1,0,0,0,0,0,0,0,0
116658,116658,116659,1,0,0,0,0,0,0,0,0
66770,66770,66771,1,0,0,0,0,0,0,0,0
60504,60504,60505,1,0,0,0,0,0,0,0,0
105952,105952,105953,1,0,0,0,0,0,0,0,0
131416,131416,131417,1,0,0,0,0,0,0,0,0
29397,29397,29398,1,0,0,0,0,0,0,0,0
104032,104032,104033,1,0,0,0,0,0,0,0,0
20859,20859,20860,1,0,0,0,0,0,0,0,0
142869,142869,142870,1,0,0,0,0,0,0,0,0
110754,110754,110755,1,0,0,0,0,0,0,0,0
55834,55834,55835,1,0,0,0,0,0,0,0,0
111240,111240,111241,1,0,0,0,0,0,0,0,0
82027,82027,82028,1,0,0,0,0,0,0,0,0
27576,27576,27577,1,0,0,0,0,0,0,0,0
123344,123344,123345,1,0,0,0,0,0,0,0,0
132167,132167,132168,1,0,0,0,0,0,0,0,0
76900,76900,76901,1,0,0,0,0,0,0,0,0
44,44,45,1,0,0,0,0,0,0,0,0
77866,77866,77867,1,0,0,0,0,0,0,0,0
71462,71462,71463,1,0,0,0,0,0,0,0,0
116482,116482,116483,1,0,0,0,0,0,0,0,0
44782,44782,44783,1,0,0,0,0,0,0,0,0
74497,74497,74498,1,0,0,0,0,0,0,0,0
19336,19336,19337,1,0,0,0,0,0,0,0,0
141533,141533,141534,1,0,0,0,0,0,0,0,0
110769,110769,110770,1,0,0,0,0,0,0,0,0
40063,40063,40064,1,0,0,0,0,0,0,0,0
85259,85259,85260,1,0,0,0,0,0,0,0,0
25866,25866,25867,1,0,0,0,0,0,0,0,0
119430,119430,119431,1,0,0,0,0,0,0,0,0
107690,107690,107691,1,0,0,0,0,0,0,0,0
102616,102616,102617,1,0,0,0,0,0,0,0,0
66133,66133,66134,1,0,0,0,0,0,0,0,0
18221,18221,18222,1,0,0,0,0,0,0,0,0
2505,2505,2506,1,0,0,0,0,0,0,0,0
78988,78988,78989,1,0,0,0,0,0,0,0,0
46507,46507,46508,1,0,0,0,0,0,0,0,0
136287,136287,136288,1,0,0,0,0,0,0,0,0
108865,108865,108866,1,0,0,0,0,0,0,0,0
21569,21569,21570,1,0,0,0,0,0,0,0,0
120566,120566,120567,1,0,0,0,0,0,0,0,0
27549,27549,27550,1,0,0,0,0,0,0,0,0
54393,54393,54394,1,0,0,0,0,0,0,0,0
33387,33387,33388,1,0,0,0,0,0,0,0,0
108985,108985,108986,1,0,0,0,0,0,0,0,0
4167,4167,4168,1,0,0,0,0,0,0,0,0
125639,125639,125640,1,0,0,0,0,0,0,0,0
11244,11244,11245,1,0,0,0,0,0,0,0,0
132132,132132,132133,1,0,0,0,0,0,0,0,0
53392,53392,53393,1,0,0,0,0,0,0,0,0
39628,39628,39629,1,0,0,0,0,0,0,0,0
111685,111685,111686,1,0,0,0,0,0,0,0,0
4832,4832,4833,1,0,0,0,0,0,0,0,0
140688,140688,140689,1,0,0,0,0,0,0,0,0
102817,102817,102818,1,0,0,0,0,0,0,0,0
35211,35211,35212,1,0,0,0,0,0,0,0,0
10488,10488,10489,1,0,0,0,0,0,0,0,0
85425,85425,85426,1,0,0,0,0,0,0,0,0
102767,102767,102768,1,0,0,0,0,0,0,0,0
110161,110161,110162,1,0,0,0,0,0,0,0,0
101231,101231,101232,1,0,0,0,0,0,0,0,0
50554,50554,50555,1,0,0,0,0,0,0,0,0
24263,24263,24264,1,0,0,0,0,0,0,0,0
107482,107482,107483,1,0,0,0,0,0,0,0,0
51344,51344,51345,1,0,0,0,0,0,0,0,0
82459,82459,82460,1,0,0,0,0,0,0,0,0
94885,94885,94886,1,0,0,0,0,0,0,0,0
18764,18764,18765,1,0,0,0,0,0,0,0,0
13250,13250,13251,1,0,0,0,0,0,0,0,0
8559,8559,8560,1,0,0,0,0,0,0,0,0
142888,142888,142889,1,0,0,0,0,0,0,0,0
68242,68242,68243,1,0,0,0,0,0,0,0,0
23570,23570,23571,1,0,0,0,0,0,0,0,0
52334,52334,52335,1,0,0,0,0,0,0,0,0
13822,13822,13823,1,0,0,0,0,0,0,0,0
105234,105234,105235,1,0,0,0,0,0,0,0,0
80042,80042,80043,1,0,0,0,0,0,0,0,0
73179,73179,73180,1,0,0,0,0,0,0,0,0
45801,45801,45802,1,0,0,0,0,0,0,0,0
46706,46706,46707,1,0,0,0,0,0,0,0,0
5355,5355,5356,1,0,0,0,0,0,0,0,0
25525,25525,25526,1,0,0,0,0,0,0,0,0
127592,127592,127593,1,0,0,0,0,0,0,0,0
50637,50637,50638,1,0,0,0,0,0,0,0,0
67815,67815,67816,1,0,0,0,0,0,0,0,0
62858,62858,62859,1,0,0,0,0,0,0,0,0
54109,54109,54110,1,0,0,0,0,0,0,0,0
119809,119809,119810,1,0,0,0,0,0,0,0,0
124027,124027,124028,1,0,0,0,0,0,0,0,0
89852,89852,89853,1,0,0,0,0,0,0,0,0
20262,20262,20263,1,0,0,0,0,0,0,0,0
2227,2227,2228,1,0,0,0,0,0,0,0,0
92444,92444,92445,1,0,0,0,0,0,0,0,0
86687,86687,86688,1,0,0,0,0,0,0,0,0
122344,122344,122345,1,0,0,0,0,0,0,0,0
12628,12628,12629,1,0,0,0,0,0,0,0,0
4529,4529,4530,1,0,0,0,0,0,0,0,0
55501,55501,55502,1,0,0,0,0,0,0,0,0
117046,117046,117047,1,0,0,0,0,0,0,0,0
125359,125359,125360,1,0,0,0,0,0,0,0,0
106300,106300,106301,1,0,0,0,0,0,0,0,0
113372,113372,113373,1,0,0,0,0,0,0,0,0
127929,127929,127930,1,0,0,0,0,0,0,0,0
36264,36264,36265,1,0,0,0,0,0,0,0,0
68846,68846,68847,1,0,0,0,0,0,0,0,0
96792,96792,96793,1,0,0,0,0,0,0,0,0
101104,101104,101105,1,0,0,0,0,0,0,0,0
34239,34239,34240,1,0,0,0,0,0,0,0,0
83910,83910,83911,1,0,0,0,0,0,0,0,0
117705,117705,117706,1,0,0,0,0,0,0,0,0
10855,10855,10856,1,0,0,0,0,0,0,0,0
24981,24981,24982,1,0,0,0,0,0,0,0,0
43860,43860,43861,1,0,0,0,0,0,0,0,0
8472,8472,8473,1,0,0,0,0,0,0,0,0
22609,22609,22610,1,0,0,0,0,0,0,0,0
127824,127824,127825,1,0,0,0,0,0,0,0,0
1862,1862,1863,1,0,0,0,0,0,0,0,0
107441,107441,107442,1,0,0,0,0,0,0,0,0
21605,21605,21606,1,0,0,0,0,0,0,0,0
132875,132875,132876,1,0,0,0,0,0,0,0,0
29807,29807,29808,1,0,0,0,0,0,0,0,0
3961,3961,3962,1,0,0,0,0,0,0,0,0
15203,15203,15204,1,0,0,0,0,0,0,0,0
128503,128503,128504,1,0,0,0,0,0,0,0,0
127731,127731,127732,1,0,0,0,0,0,0,0,0
34538,34538,34539,1,0,0,0,0,0,0,0,0
4462,4462,4463,1,0,0,0,0,0,0,0,0
109938,109938,109939,1,0,0,0,0,0,0,0,0
143441,143441,143442,1,0,0,0,0,0,0,0,0
85966,85966,85967,1,0,0,0,0,0,0,0,0
72858,72858,72859,1,0,0,0,0,0,0,0,0
20741,20741,20742,1,0,0,0,0,0,0,0,0
103203,103203,103204,1,0,0,0,0,0,0,0,0
51195,51195,51196,1,0,0,0,0,0,0,0,0
6332,6332,6333,1,0,0,0,0,0,0,0,0
29090,29090,29091,1,0,0,0,0,0,0,0,0
13451,13451,13452,1,0,0,0,0,0,0,0,0
25502,25502,25503,1,0,0,0,0,0,0,0,0
135253,135253,135254,1,0,0,0,0,0,0,0,0
56916,56916,56917,1,0,0,0,0,0,0,0,0
52275,52275,52276,1,0,0,0,0,0,0,0,0
8741,8741,8742,1,0,0,0,0,0,0,0,0
55506,55506,55507,1,0,0,0,0,0,0,0,0
119858,119858,119859,1,0,0,0,0,0,0,0,0
42461,42461,42462,1,0,0,0,0,0,0,0,0
77863,77863,77864,1,0,0,0,0,0,0,0,0
3663,3663,3664,1,0,0,0,0,0,0,0,0
45211,45211,45212,1,0,0,0,0,0,0,0,0
117588,117588,117589,1,0,0,0,0,0,0,0,0
72460,72460,72461,1,0,0,0,0,0,0,0,0
64374,64374,64375,1,0,0,0,0,0,0,0,0
107366,107366,107367,1,0,0,0,0,0,0,0,0
83056,83056,83057,1,0,0,0,0,0,0,0,0
94925,94925,94926,1,0,0,0,0,0,0,0,0
87193,87193,87194,1,0,0,0,0,0,0,0,0
69778,69778,69779,1,0,0,0,0,0,0,0,0
137509,137509,137510,1,0,0,0,0,0,0,0,0
119403,119403,119404,1,0,0,0,0,0,0,0,0
89999,89999,90000,1,0,0,0,0,0,0,0,0
59050,59050,59051,1,0,0,0,0,0,0,0,0
97507,97507,97508,1,0,0,0,0,0,0,0,0
59276,59276,59277,1,0,0,0,0,0,0,0,0
102682,102682,102683,1,0,0,0,0,0,0,0,0
75520,75520,75521,1,0,0,0,0,0,0,0,0
20412,20412,20413,1,0,0,0,0,0,0,0,0
55749,55749,55750,1,0,0,0,0,0,0,0,0
91824,91824,91825,1,0,0,0,0,0,0,0,0
59262,59262,59263,1,0,0,0,0,0,0,0,0
126816,126816,126817,1,0,0,0,0,0,0,0,0
27841,27841,27842,1,0,0,0,0,0,0,0,0
6877,6877,6878,1,0,0,0,0,0,0,0,0
26840,26840,26841,1,0,0,0,0,0,0,0,0
136525,136525,136526,1,0,0,0,0,0,0,0,0
42674,42674,42675,1,0,0,0,0,0,0,0,0
138015,138015,138016,1,0,0,0,0,0,0,0,0
140178,140178,140179,1,0,0,0,0,0,0,0,0
137915,137915,137916,1,0,0,0,0,0,0,0,0
104441,104441,104442,1,0,0,0,0,0,0,0,0
90521,90521,90522,1,0,0,0,0,0,0,0,0
107124,107124,107125,1,0,0,0,0,0,0,0,0
16829,16829,16830,1,0,0,0,0,0,0,0,0
28037,28037,28038,1,0,0,0,0,0,0,0,0
24566,24566,24567,1,0,0,0,0,0,0,0,0
142775,142775,142776,1,0,0,0,0,0,0,0,0
62948,62948,62949,1,0,0,0,0,0,0,0,0
50161,50161,50162,1,0,0,0,0,0,0,0,0
52774,52774,52775,1,0,0,0,0,0,0,0,0
96590,96590,96591,1,0,0,0,0,0,0,0,0
92530,92530,92531,1,0,0,0,0,0,0,0,0
118587,118587,118588,1,0,0,0,0,0,0,0,0
87759,87759,87760,1,0,0,0,0,0,0,0,0
120126,120126,120127,1,0,0,0,0,0,0,0,0
5244,5244,5245,1,0,0,0,0,0,0,0,0
87589,87589,87590,1,0,0,0,0,0,0,0,0
31267,31267,31268,1,0,0,0,0,0,0,0,0
120410,120410,120411,1,0,0,0,0,0,0,0,0
131095,131095,131096,1,0,0,0,0,0,0,0,0
84760,84760,84761,1,0,0,0,0,0,0,0,0
45747,45747,45748,1,0,0,0,0,0,0,0,0
60708,60708,60709,1,0,0,0,0,0,0,0,0
78632,78632,78633,1,0,0,0,0,0,0,0,0
59402,59402,59403,1,0,0,0,0,0,0,0,0
96930,96930,96931,1,0,0,0,0,0,0,0,0
100118,100118,100119,1,0,0,0,0,0,0,0,0
46825,46825,46826,1,0,0,0,0,0,0,0,0
144100,144100,144101,1,0,0,0,0,0,0,0,0
90640,90640,90641,1,0,0,0,0,0,0,0,0
96000,96000,96001,1,0,0,0,0,0,0,0,0
9616,9616,9617,1,0,0,0,0,0,0,0,0
117387,117387,117388,1,0,0,0,0,0,0,0,0
129969,129969,129970,1,0,0,0,0,0,0,0,0
19252,19252,19253,1,0,0,0,0,0,0,0,0
59009,59009,59010,1,0,0,0,0,0,0,0,0
35392,35392,35393,1,0,0,0,0,0,0,0,0
132505,132505,132506,1,0,0,0,0,0,0,0,0
43804,43804,43805,1,0,0,0,0,0,0,0,0
28287,28287,28288,1,0,0,0,0,0,0,0,0
136670,136670,136671,1,0,0,0,0,0,0,0,0
103402,103402,103403,1,0,0,0,0,0,0,0,0
104149,104149,104150,1,0,0,0,0,0,0,0,0
116184,116184,116185,1,0,0,0,0,0,0,0,0
74779,74779,74780,1,0,0,0,0,0,0,0,0
59312,59312,59313,1,0,0,0,0,0,0,0,0
112448,112448,112449,1,0,0,0,0,0,0,0,0
95676,95676,95677,1,0,0,0,0,0,0,0,0
127722,127722,127723,1,0,0,0,0,0,0,0,0
95503,95503,95504,1,0,0,0,0,0,0,0,0
11388,11388,11389,1,0,0,0,0,0,0,0,0
60806,60806,60807,1,0,0,0,0,0,0,0,0
66050,66050,66051,1,0,0,0,0,0,0,0,0
46616,46616,46617,1,0,0,0,0,0,0,0,0
140331,140331,140332,1,0,0,0,0,0,0,0,0
132632,132632,132633,1,0,0,0,0,0,0,0,0
127158,127158,127159,1,0,0,0,0,0,0,0,0
4893,4893,4894,1,0,0,0,0,0,0,0,0
113042,113042,113043,1,0,0,0,0,0,0,0,0
50702,50702,50703,1,0,0,0,0,0,0,0,0
37114,37114,37115,1,0,0,0,0,0,0,0,0
29742,29742,29743,1,0,0,0,0,0,0,0,0
17761,17761,17762,1,0,0,0,0,0,0,0,0
39596,39596,39597,1,0,0,0,0,0,0,0,0
115434,115434,115435,1,0,0,0,0,0,0,0,0
111921,111921,111922,1,0,0,0,0,0,0,0,0
7473,7473,7474,1,0,0,0,0,0,0,0,0
107583,107583,107584,1,0,0,0,0,0,0,0,0
25368,25368,25369,1,0,0,0,0,0,0,0,0
117785,117785,117786,1,0,0,0,0,0,0,0,0
15202,15202,15203,1,0,0,0,0,0,0,0,0
134814,134814,134815,1,0,0,0,0,0,0,0,0
57161,57161,57162,1,0,0,0,0,0,0,0,0
42616,42616,42617,1,0,0,0,0,0,0,0,0
47330,47330,47331,1,0,0,0,0,0,0,0,0
86036,86036,86037,1,0,0,0,0,0,0,0,0
69484,69484,69485,1,0,0,0,0,0,0,0,0
22628,22628,22629,1,0,0,0,0,0,0,0,0
59380,59380,59381,1,0,0,0,0,0,0,0,0
78547,78547,78548,1,0,0,0,0,0,0,0,0
11017,11017,11018,1,0,0,0,0,0,0,0,0
142183,142183,142184,1,0,0,0,0,0,0,0,0
29498,29498,29499,1,0,0,0,0,0,0,0,0
6834,6834,6835,1,0,0,0,0,0,0,0,0
141975,141975,141976,1,0,0,0,0,0,0,0,0
88413,88413,88414,1,0,0,0,0,0,0,0,0
53876,53876,53877,1,0,0,0,0,0,0,0,0
122168,122168,122169,1,0,0,0,0,0,0,0,0
100590,100590,100591,1,0,0,0,0,0,0,0,0
81357,81357,81358,1,0,0,0,0,0,0,0,0
64076,64076,64077,1,0,0,0,0,0,0,0,0
33497,33497,33498,1,0,0,0,0,0,0,0,0
12848,12848,12849,1,0,0,0,0,0,0,0,0
106698,106698,106699,1,0,0,0,0,0,0,0,0
32951,32951,32952,1,0,0,0,0,0,0,0,0
18604,18604,18605,1,0,0,0,0,0,0,0,0
86589,86589,86590,1,0,0,0,0,0,0,0,0
7215,7215,7216,1,0,0,0,0,0,0,0,0
103652,103652,103653,1,0,0,0,0,0,0,0,0
135963,135963,135964,1,0,0,0,0,0,0,0,0
41433,41433,41434,1,0,0,0,0,0,0,0,0
48748,48748,48749,1,0,0,0,0,0,0,0,0
108020,108020,108021,1,0,0,0,0,0,0,0,0
115369,115369,115370,1,0,0,0,0,0,0,0,0
53863,53863,53864,1,0,0,0,0,0,0,0,0
33713,33713,33714,1,0,0,0,0,0,0,0,0
107826,107826,107827,1,0,0,0,0,0,0,0,0
130178,130178,130179,1,0,0,0,0,0,0,0,0
141077,141077,141078,1,0,0,0,0,0,0,0,0
30987,30987,30988,1,0,0,0,0,0,0,0,0
18724,18724,18725,1,0,0,0,0,0,0,0,0
116179,116179,116180,1,0,0,0,0,0,0,0,0
79364,79364,79365,1,0,0,0,0,0,0,0,0
66443,66443,66444,1,0,0,0,0,0,0,0,0
19455,19455,19456,1,0,0,0,0,0,0,0,0
47939,47939,47940,1,0,0,0,0,0,0,0,0
126518,126518,126519,1,0,0,0,0,0,0,0,0
60907,60907,60908,1,0,0,0,0,0,0,0,0
98197,98197,98198,1,0,0,0,0,0,0,0,0
11764,11764,11765,1,0,0,0,0,0,0,0,0
94924,94924,94925,1,0,0,0,0,0,0,0,0
101969,101969,101970,1,0,0,0,0,0,0,0,0
134658,134658,134659,1,0,0,0,0,0,0,0,0
17201,17201,17202,1,0,0,0,0,0,0,0,0
56545,56545,56546,1,0,0,0,0,0,0,0,0
79724,79724,79725,1,0,0,0,0,0,0,0,0
35230,35230,35231,1,0,0,0,0,0,0,0,0
78484,78484,78485,1,0,0,0,0,0,0,0,0
38904,38904,38905,1,0,0,0,0,0,0,0,0
